track_name,artist_name,parole
Lets Go,FCL,"{""error"":""seems like lyrics didn't exist on Musixmatch server.""}"
N.Y. State of Mind,Nas,"[00:01.35]Yeah, yeah
[00:04.15]Ayo Black, it's time, word (word, it's time, man)
[00:07.67]It's time, man (a'ight, man, begin)
[00:10.82]Yeah, straight out the fuckin' dungeons of rap
[00:14.91]Where fake niggas don't make it back
[00:19.61]I don't know how to start this shit, yo, now
[00:22.84]Rappers, I monkey flip 'em with the funky rhythm
[00:25.06]I be kickin', musician inflictin' composition of pain, I'm like Scarface sniffin' cocaine
[00:30.72]Holdin' an M16, see, with the pen I'm extreme
[00:33.73]Now, bullet holes left in my peepholes
[00:36.03]I'm suited up with street clothes, hand me a .9, and I'll defeat foes
[00:40.11]Y'all know my steelo, with or without the airplay
[00:42.47]I keep some E&J, sittin' bent up in the stairway
[00:45.52]Or either on the corner bettin' Grants with the cee-lo champs
[00:48.53]Laughin' at base-heads, tryna sell some broken amps
[00:51.43]G-packs get off quick, forever niggas talk shit
[00:53.98]Reminiscin' about the last time the task force flipped
[00:57.05]Niggas be runnin' through the block shootin'
[00:59.19]Time to start the revolution, catch a body, head for Houston
[01:02.04]Once they caught us off-guard, the MAC-10 was in the grass, and
[01:04.89]I ran like a cheetah, with thoughts of an assassin
[01:07.87]Picked the MAC up, told brothers ""Back up!"", the MAC spit
[01:10.88]Lead was hittin' niggas, one ran, I made him back-flip
[01:13.79]Heard a few chicks scream, my arm shook, couldn't look
[01:16.50]Gave another squeeze, heard it click, ""Yo, my shit is stuck!""
[01:19.43]Tried to cock it, it wouldn't shoot, now I'm in danger
[01:22.07]Finally, pulled it back and saw three bullets caught up in the chamber
[01:25.46]So, now I'm jettin' to the buildin' lobby
[01:27.56]And it was full of children, prob'ly couldn't see as high as I be
[01:30.31](So, what you sayin'?) It's like the game ain't the same
[01:32.74]Got younger niggas pullin' the triggers, bringin' fame to their name
[01:36.22]And claim some corners, crews without guns are goners
[01:39.07]In broad daylight, stick-up kids, they run up on us
[01:41.81].45's and gauges, MAC's in fact
[01:44.45]Same niggas will catch you back-to-back, snatchin' your cracks in black
[01:47.98]There was a snitch on the block gettin' niggas knocked
[01:50.93]So hold your stash 'til the coke price drop
[01:53.09]I know this crackhead who said she gotta smoke nice rock
[01:55.75]And if it's good, she'll bring you customers and measuring pots
[01:58.66]But yo, you gotta slide on a vacation
[02:01.31]Inside information keeps large niggas erasin' and their wives basin'
[02:05.28]It drops deep as it does in my breath
[02:07.57]I never sleep, 'cause sleep is the cousin of death
[02:10.09]Beyond the walls of intelligence, life is defined
[02:12.92]I think of crime when I'm in a New York State of Mind
[02:17.60]New York state of mind
[02:20.32]New York state of mind
[02:23.19]New York state of mind
[02:25.66]New York state of mind
[02:26.43]Be havin' dreams that I'm a gangsta, drinkin' Moëts, holdin' TEC's
[02:30.23]Makin' sure the cash came correct, then I stepped
[02:33.35]Investments in stocks, sewin' up the blocks to sell rocks
[02:36.90]Winnin' gunfights with mega-cops
[02:38.31]But just a nigga walkin' with his finger on the trigger
[02:41.54]Make enough figures until my pockets get bigger
[02:44.80]I ain't the type of brother made for you to start testin'
[02:47.64]Give me a Smith & Wesson, I'll have niggas undressin'
[02:50.52]Thinkin' of cash flow, Buddha, and shelter
[02:53.37]Whenever frustrated, I'ma hijack Delta
[02:55.91]In the PJ's, my blend tape plays, bullets are strays
[02:58.93]Young bitches is grazed, each block is like a maze
[03:01.42]Full of black rats trapped, plus the Island is packed
[03:04.43]From what I hear in all the stories when my peoples come back black
[03:07.21]I'm livin' where the nights is jet-black
[03:09.54]The fiends fight to get crack, I just max, I dream I can sit back
[03:13.08]And lamp like Capone, with drug scripts sewn
[03:15.60]Or the legal luxury life, rings flooded with stones, homes
[03:18.88]I got so many rhymes, I don't think I'm too sane
[03:21.48]Life is parallel to Hell, but I must maintain
[03:24.05]And be prosperous, though we live dangerous
[03:26.64]Cops could just arrest me, blamin' us, we're held like hostages
[03:29.99]It's only right that I was born to use mics
[03:32.64]And the stuff that I write is even tougher than dykes
[03:35.51]I'm takin' rappers to a new plateau, through rap slow
[03:38.69]My rhymin' is a vitamin held without a capsule
[03:41.55]The smooth criminal on beat breaks
[03:43.92]Never put me in your box if your shit eats tapes
[03:46.82]The city never sleeps, full of villains and creeps
[03:49.74]That's where I learned to do my hustle, had to scuffle with freaks
[03:52.58]I'm a addict for sneakers, 20's of Buddha and bitches with beepers
[03:56.14]In the streets I can greet ya, about blunts I teach ya
[03:58.98]Inhale deep like the words of my breath
[04:01.04]I never sleep, 'cause sleep is the cousin of death
[04:03.84]I lay puzzled as I backtrack to earlier times
[04:06.79]Nothing's equivalent to the New York state of mind
[04:10.99]New York state of mind
[04:13.95]New York state of mind
[04:16.74]New York state of mind
[04:19.61]New York state of mind
[04:23.04]♪
"
Heroin,The Velvet Underground,"{""error"":""seems like lyrics didn't exist on Musixmatch server.""}"
CERCLE VICIEUX,Deen Burbigo,"[00:21.20]Han, pénis taille poney sous le Levi's cartonné
[00:25.06]Chimique sur la piste, les sistas hésitent à s'coller
[00:27.33]Au-dessus des toits d'ris-Pa, j'vois mon équipage voler
[00:29.96]J'suis sous médicale violette, 'sin, l'atterrissage promet
[00:32.42]T'as jamais charbonné, gars, tu mérites pas d'baller
[00:35.05]Jamais fait un crédit, faire des illets-bi', ça m'connaît
[00:37.25]Loin des paysages dorés, la haine est vite arborée
[00:39.78]Et j'sais qu'si j'agis mal, c'est la seule image qu'j'aurai
[00:42.77]On fait pas d'chichi, on veut des sommes à six chiffres
[00:44.76]On va pas chez les psy' mais le te-shi attaque les psychismes
[00:47.57]Sous les visières, on voit tout à l'horizontal
[00:49.86]Mes gars sont bruyants mais se taisent quand ils ont mal
[00:52.32]Comme a dit l'Homme ""chaque jour que Dieu fait""
[00:54.61]La ville est mon casino et je n'fais que bluffer
[00:57.05]Surtout dans le siness-bu', faut rester vif d'esprit
[00:59.54]Quand fallait investir, t'as préféré ves-qui
[01:02.38]Maintenant, t'es à poils, tu vas jamais t'rhabiller
[01:04.35]Car, même pour jouer au Loto, bah faut d'abord mettre un billet
[01:06.99]Mon cercle est certifié, j'vais pas m'remettre à trier
[01:08.92]On m'a mis le pied au cul, on m'l'a pas mis à l'étrier
[01:11.58]Quand j'arrive, faut qu'vous annonciez l'canon scié
[01:14.24]Dans ma loge, que du jus d'gingembre, d'la beuh façon C.A
[01:17.08]Ça parle argent, j'deviens cérébral
[01:18.95]J'ferai du sale pour un dixième de la réserve fédérale
[01:21.83]Ciel étoilé comme le torse d'un général
[01:24.07]Mes mains font des joints et mon esprit fait des raps
[01:26.47]On a cassé la baraque, j'reconstruis sur des débris
[01:28.55]Quand t'es pauvre, t'attends les soldes, quand t'es riche, on t'fait des prix
[01:31.66]On leur a mis la douille, ils ont vu que du feu
[01:33.66]On était sur la paille, on pouvait faire que du feu
[01:36.55]Les traits tirés, cernes, petits yeux
[01:39.06]J'dois m'extirper d'mes cercles vicieux
[01:42.12]""Plus d'argent, plus de problèmes""
[01:44.49]Ouais, beh j'préfère mes nouveaux problèmes
[01:46.03]♪
"
Paper,Schur,"[00:00.24]Oh, I'm looking for my photograph
[00:05.68]Tucked away, I sway
[00:10.02]Tomorrow day
[00:13.65]So it kills me when you say
[00:17.86]You're nothing but a white boy, couldn't be choosy
[00:21.81]Go and live your life, boy, nothing like a movie
[00:25.75]Go and play nice, don't try to get boozy
[00:29.55]Know you got it made, oh yeah
[00:33.13]So you don't need strife, no blood, no jacuzzi
[00:37.28]Luxury is but, your friends move loosely
[00:41.04]You don't need to fly in the 488, or cry on the interstate
[00:45.69]Just stay in your lane
[00:50.02]You tell me I should go and earn my paper downtown
[00:54.04]And while that'd pay my rents, it wouldn't make them proud
[00:58.38]They said a tie is more a noose than a crown
[01:05.45]So you can stay in Gotham, where you're sure to get paid
[01:09.73]I'll be up the street, tryna get my shit played
[01:13.63]You look for diamonds while I'm looking for a heart
[01:16.98]And while I love your suit, I'd never take it for my cards
[01:20.15]I'm getting high on the views
[01:26.15]And the cold night air
[01:28.67]I got nothing to lose
[01:33.42]I'm going nowhere
[01:35.31]Oh, I'm looking for my photograph
[01:40.91]Tucked away, I sway
[01:45.54]Tomorrow day
[01:48.96]So it kills me when you say
[01:52.52]You're nothing but a white boy, couldn't be choosy
[01:57.32]Go and live your life, boy, nothing like a movie
[02:00.83]Go and play nice, don't try to get boozy
[02:04.61]Know you got it made, oh yeah
[02:08.27]So you don't need strife, no blood, no jacuzzi
[02:12.32]Luxury is tight, but your friends move loosely
[02:16.23]You don't need to fly in the 488, or cry on the interstate
[02:20.93]Just stay in your lane
[02:24.98]I'm getting high on the views
[02:30.85]And the cold night air
[02:33.59]I got nothing to lose
[02:38.34]I'm going nowhere
[02:40.89]♪
"
Clio 4,ISHA,"[00:14.18]Mon prénom, c'est Isha, Malchanceux, mon nom d'famille
[00:17.73]Méfiant, j'crois plus en l'Homme, pas b'soin d'me faire d'autres amis
[00:21.29]Thug life, c'est street shit, j'ramène toute la compagnie
[00:24.65]La vie, c'est chacun sa définition, j'veux la mienne avec grosse valise
[00:28.06]Construire et tout détruire, juste pour le plaisir
[00:31.61]Cette fois, j'amènerai des munitions (Pah, pah, pah, pah, pah)
[00:35.08]C'est vrai, j'ai peur de m'retrouver avec cette maladie
[00:38.47]J'veux pas avoir le même cœur qu'eux
[00:41.09]Et ouais, il s'en fallait de peu, heureusement, je connais leur jeu
[00:44.11]On oublie pas ceux qui nous manquent, on les enterre et après, on les pleure (Après, on les pleure, ouais)
[00:48.90]J'en ai gros sur la patate, j'suis dev'nu un poète qui s'isole
[00:51.72]J'me croyais en vacances mais ma mère, elle bossait dans c'putain d'domaine viticole
[00:55.99]Aquarium dans un Clio 4, ça écoute: Sniper - ""Du rire aux larmes""
[00:59.36]J'monte sur scène, j'suis dans l'même état qu'Bernard Minet qui chante ""Bioman""
[01:03.02]J'me déteste trop pour m'faire percer, à chaque fois que j'monte, j'crois que j'tombe
[01:06.44]J'suis plus un p'tit pour m'faire bercer, à chaque fois que j'parle, on croit que j'mens
[01:10.06]Quand j'suis avec du monde, j'me demande: ""Combien ont commis un homicide?""
[01:13.40]Combien d'meufs dans la salle s'sont déjà fait lées-vio? Combien d'mes gars ont pensé au suicide?
[01:17.11]Quand j'repense à quand j'étais enfant, j'ai la haine de c'que j'suis devenu
[01:20.24]Quand j'pense à c'que j'aurais pu devenir, j'suis content de c'que j'suis devenu
[01:24.10]Au lieu d'faire les mafieux et d'faire les Corses
[01:26.54]Aidez la mif' à faire des courses, cherche un oint-j, un biz' à faire ner-tour
[01:30.62]Les copines de ma mère et ma mère également
[01:33.57]Auraient pas misé sur le fait que j'm'en sorte légalement
[01:37.71]Yeah, ouais
[01:40.83]Yeah, ok
[01:44.22]Ouais, yeah
[01:47.43]Ouais
[01:50.31]Quand j'le fais de manière poétique, t'adores
[01:53.44]J'suis rentré dans les bails de do, ré, mi, fa, sol
[01:56.08]Y a combien d'res-frè qui m'détestent et combien d'res-frè qui m'adorent?
[01:59.10]Y a beaucoup d'projets qui cartonnent, mais y a tellement d'projets qui capotent
[02:03.38]Ça fait mal les bails de do, ré, mi, fa, sol
[02:05.48]9.3-6, si tu respectes un feu le mec derrière il t'klaxonne
[02:09.15]Aéroport de Mexico, j'vérifie la somme (Pesos)
[02:12.34]Et j'vérifie mon sac au cas où on y aurait mis d'la drogue, hé
[02:16.49]Ça fait mal les bails de do, ré, mi, fa, sol, la, si, do
[02:19.44]J'connais deux trois ssistes-gro (Logique), j'viens du 9.3-6 gros
[02:22.81]J'veux savoir où t'en es, plus savoir d'où tu viens
[02:26.09]J'aime plus beaucoup l'humain, arcade et t-shirt cousu main
[02:29.55]♪
"
Les Alizés,Georgio,"[00:21.95]Eh
[00:21.98]J'ai déjà rêvé d'un monde sans frontières, où y avait pas d'classe sociale, pas d'nom, pas d'prénom
[00:25.83]Ici pour de l'argent certain changerait la pluie en balle de plombs
[00:29.56]J'changerais l'odeur des fleurs en celle du pétrole, mais jusqu'ici tout va bien, enfin tant qu'y a du réseau
[00:34.35]Plus j'm'approche d'la vérité et plus je sens sur mes mots
[00:36.90]Pour pas blesser, pour pas voir du sang sur les autres
[00:39.12]De la poussière et d'la crasse, souvent la vérité agace
[00:42.16]On s'en veut quand on dit rien, fermer les yeux améliore pas le quotidien
[00:45.17]Alors, il m'faut cette Mercedes de bourgeois
[00:47.65]C'est ta part de bourgeois qui doit rester en petit you-voi, ouais qui fonce tout droit
[00:51.36]Y a trop d'choses que j'oublierai pas, surtout les gens qu'j'aime et ceux qui m'détestent
[00:54.70]C'est pour ça qu'j'taffe sur mes réflexes
[00:57.47]Guider à l'instinct sans GPS
[00:58.23]J'suis l'amour sans peur d'la mort et quand bien même ça peut rendre fou
[01:01.90]C'est comme ça que j'perds pas l'nord
[01:03.07]Indigné, j'te sers un ti-punch dans un casque de CRS
[01:06.15]Et si nos plans déraillent on s'enfuira par l'orient express
[01:11.30]♪
[01:24.52]J'ai mes lunettes de soleil dans une soirée mondaine
[01:33.30]Pour pas qu'tu captes que j'suis high, que j'm'en fous d'être ici, que j'serai mieux avec ma meuf
[01:37.25]Allongé sur le sable, les pieds égratignés à cause d'la barrière de corail
[01:41.41]Aventureux, j'ai jamais eu peur du feu, encore moins quand j'étais sur la paille
[01:45.37]J'me suis déjà senti connecté au point d'sentir venir un drame
[01:48.31]Tout cela, à vouloir faire d'l'argent, à faire rigoler l'diable
[01:51.16]Heureusement j'le tiens à distance, j'ai ma foi en guise de jab
[01:54.08]Suffit d'un regard pour s'comprendre, des mots qu'personnes pourra relire
[01:56.79]Si j'ai confiance, y a plus aucune promesse que j'pourrais pas tenir (pas tenir)
[02:00.97]J'voyage d'est en ouest comme les Alizés avec des souvenirs à éteindre et puis des flammes à raviver
[02:06.80]Sincèrement, j'comprends ton stress et ton eczéma
[02:08.53]Quand la nuit ça dort pas, alors qu'y a ni NBA, ni MMA et si on racontait not' parcours
[02:11.91]C'est sûr qu'ça ferait pas rêver, mais il y a des choses qu'il faut plus vivre qu'expliquer
[02:16.81]♪
"
Good Vibrations,Patrice,"[00:12.65]I-I love the colorful clothes she wears
[00:18.45]And the way the sunlight plays upon her hair
[00:24.75]I hear the sound of a gentle word
[00:30.95]On the wind that lifts her perfume through the air
[00:37.98]I'm pickin' up good vibrations
[00:40.92]She's giving me the excitations
[00:44.12]I'm pickin' up good vibrations
[00:47.23]She's giving me the excitations
[00:50.38]I'm pickin' up good vibrations
[00:53.43]She's giving me the excitations
[00:56.60]I'm pickin' up good vibrations
[00:59.62]She's giving me the excitations
[01:02.43]Close my eyes, she's somehow closer now
[01:08.68]Softly smile, I know she must be kind
[01:14.97]When I look in her eyes
[01:20.35]She goes with me to a blossom world
[01:25.86]♪
[01:27.89]I'm pickin' up good vibrations
[01:30.83]She's giving me excitations
[01:34.07]I'm pickin' up good vibrations
[01:37.16]She's giving me excitations
[01:40.25]I'm pickin' up good vibrations
[01:43.33]She's giving me excitations
[01:46.55]I'm pickin' up good vibrations
[01:49.54]She's giving me excitations
[01:52.30]♪
"
IMMUNITÉ DIPLOMATIQUE,Deen Burbigo,
Tourne la page,Darzack,"{""error"":""seems like lyrics didn't exist on Musixmatch server.""}"
Higher Ground,Stevie Wonder,"[00:23.88]People, keep on learning
[00:31.55]Soldiers, keep on warring
[00:39.12]World, keep on turning
[00:45.11]'Cause it won't be too long
[00:48.29]♪
[00:54.52]Powers, keep on lying
[01:01.59]While your people keep on dying
[01:09.97]World, keep on turning
[01:16.15]'Cause it won't be too long
[01:18.74]♪
[01:25.04]I'm so darn glad he let me try it again
[01:28.81]Because my last time on Earth, I lived a whole world of sin
[01:32.65]I'm so glad that I know more than I knew then
[01:36.00]Gonna keep on trying
[01:38.38]'Til I reach my highest ground
[01:41.76]♪
[01:48.26]Teachers, keep on teaching
[01:55.78]Preachers, keep on preaching
[02:03.34]World, keep on turning
[02:09.78]'Cause it won't be too long
[02:14.32]Oh no
[02:18.85]Lovers, keep on loving
[02:26.46]Believers, keep on believing
[02:34.01]Sleepers, just stop sleeping
[02:40.25]'Cause it won't be too long
[02:44.95]Oh no
[02:49.13]I'm so glad that he let me try it again
[02:52.98]'Cause my last time on Earth, I lived a whole world of sin
[02:56.94]I'm so glad that I know more than I knew then
[03:00.49]Gonna keep on trying
[03:02.72]'Til I reach my highest ground
[03:07.54]Woo
[03:10.38]'Til I reach my highest ground
[03:16.85]No one's gonna bring me down
[03:22.63]Oh no
[03:25.23]'Til I reach my highest ground
[03:31.78]Don't you let nobody bring you down (they'll sure 'nuff try)
[03:39.65]God is gonna show you highest ground-
[03:42.75]♪
"
GP,Booba,"[00:03.41]The Punisher
[00:07.24]Chanchee
[00:09.49]♪
[00:13.66]Pas de Grammys, pas d'invit', sur l'bateau pirate mort ou vif
[00:16.93]D.U.C, shit au large de Pointe-à-Pitre, posé avec une MILF
[00:20.53]T'as pas d'histoire, t'as pas d'vécu, t'es trop gâté comme fils unique
[00:24.23]J'monte au mitard, du shit dans l'cul, fais tes Victoires de la musique
[00:27.61]Ça parle comme des conquistadors, la frappe qui s'tord avec deux zipettes
[00:31.27]T'as pas d'couilles, t'as pas d'cerveau, pour toi, c'est mort, ni queue ni tête
[00:34.62]Elle m'a liké, je l'ai souillée, elle m'a haï, elle a fouillé
[00:38.43]Je l'ai nexté dans la foulée, fais pas l'jnouné, j'vais t'agenouiller
[00:41.83]Cigarillo, 7k Rio, Kopp Antonio Banderas
[00:45.68]J'ai pas fini la school mais j'ai fini San Andreas
[00:50.79]♪
[00:56.06]Elle m'a dit ""t'aimes mes boucles d'oreille"", j'lui dis ""j'aime rien, j'suis parisien""
[00:59.80]J'irai aux Restos du Cœur quand ils auront deux étoiles Michelin
[01:03.15]J'respecte pas les nouveaux, ni les anciens, je suis l'ancêtre
[01:06.79]Sauvage comme l'ancienne RDA, la route pavée de traîtres
[01:10.48]J'me tue quand j'ai besoin de naître
[01:12.69]J'ai multiplié les naissances, maintenant on est trop, que des Fidel Castro
[01:17.09]Négro, je sais qu't'as chaud, j'ai eu des échos
[01:20.11]Négro, je sais qu't'as chaud, c'est pas moi qui l'dit, c'est le fusil d'assaut
[01:23.54]J'préviens pas quand j'arrive, on met pas l'cligno' quand on double
[01:26.78]J'connais qu'yallah, en avant toute, frérot, on fait rien quand on doute
[01:30.47]J'travaille sur un projet de paix, actuellement j'suis en plein d'dans
[01:33.87]J'dois d'abord calculer le nombre de fils de putes par habitant
[01:37.52]Mais maintenant, si y a des fils de putes, on fait comment
[01:40.84]J'ai peur de n'jamais y arriver, maman, les chiffres sont si impressionnants
[01:44.93]Victime de leur histoire, pur produit d'mon environnement
[01:48.07]Y a qu'sur l'bateau qu'c'est ""un pour tous"", personne gagne en papillonnant
[01:52.12]Génération Ken le survivant, Berline allemande
[01:55.16]Rentré par la p'tite, mis à l'amende, j'suis sorti par la grande
[01:58.09]♪
"
In Your Phase,Laurent Garnier,"{""error"":""seems like lyrics didn't exist on Musixmatch server.""}"
Smalltown Boy - Nova Version,Catastrophe,"{""error"":""seems like lyrics didn't exist on Musixmatch server.""}"
Do You Believe,Supreme Jubilees,"[00:22.04]Is there a question
[00:24.04]In your mind today
[00:26.98]If God is real
[00:29.24]Or is it just hear say
[00:31.71]How do I know
[00:34.67]If God is real
[00:36.82]His warm spirit
[00:39.13]In my soul I can feel (Oh Lord)
[00:43.04]The biggest problem
[00:45.16]Of the world today
[00:47.77]People just don't believe
[00:50.59]That he's comin' back one day (Oh no)
[00:53.88]Do you (do you)
[00:56.52]Do you believe (do you believe he's the answer to the problems)
[00:59.82]Do You (of the world today)
[01:01.48]Do you believe (do you believe his blood can wash all)
[01:03.48]Do You (all your sins away)
[01:05.71]Do you believe (oh no)
[01:08.30]Do you believe?
[01:13.56]It's up to you
[01:17.23]What you do with your life
[01:19.96]You have just one
[01:22.32]So do what's right now
[01:25.65]To every woman
[01:28.45]And every man
[01:31.78]Save yourself
[01:33.37]And a friend if you can
[01:36.46]I know you've heard he's coming soon
[01:39.57]For quite some time
[01:42.06]But life goes on
[01:43.82]You just can make up your mind
[01:46.51]Do you (do you)
[01:49.15]Do you believe (do you believe the Holy Spirit you can receive y'all)
[01:52.74]Do You
[01:54.28]Do you believe (all you've got to do is just believe me now)
[01:58.15]Do You
[02:00.19]Do you believe (Oh Lord)
[02:01.92]Do you believe?
[02:07.98]No one knows
[02:10.24]How long it will be
[02:14.19]Just be ready
[02:16.66]So you can be free (somebody asked me)
[02:19.13]If at the end of
[02:22.17]Your good Christian life (oh Lord)
[02:25.27]You find out
[02:27.36]There is no Jesus Christ
[02:30.86]But what if you should live
[02:33.37]The sinners role
[02:36.15]At the end of time
[02:38.26]You will surely lose your soul (Oh no)
[02:40.82]Do you (do you)
[02:43.39]Do you believe (do you believe he can heal your body y'all)
[02:46.93]Do You
[02:48.35]Do you believe (do you believe he can give you peace of mind)
[02:51.64]Do You
[02:53.58]Do you believe (oh no)
[02:56.13]Do you believe? (Do you Do you do you do you)
[03:02.02]Do you (how long)
[03:04.14]Do you believe (do you believe he's the answer to the problems)
[03:06.90]Do you (of the world today)
[03:08.78]Do you believe (do you believe his
[03:10.77]Love can wash all your sins away y'all)
[03:12.32]Do you
[03:14.63]Do you believe (do you believe the Holy Spirit you can receive now)
[03:17.02]Do you
[03:19.11]Do you believe (he said I'm not asking very much y'all)
[03:22.69]Do you (if you can just only believe)
[03:24.61]Do you believe (do you do you do you)
[03:27.33]Do you (hold on, hold on)
[03:29.77]Do you believe (do you believe he can heal your sin-sick soul)
[03:32.15]Do you (oh no)
[03:34.62]Do you believe (put your name on heaven's door)
[03:37.92]Do you (oh no)
[03:39.78]Do you believe (do you believe he's everything you need in your life)
[03:42.99]Do you (uh huh)
[03:44.90]Do you believe (do you do you do you)
[03:47.93]Do you (oh no)
[03:49.66]Do you believe (do it right now y'all)
[03:52.26]Do You
[03:55.19]Do You believe
[03:57.12]♪
"
This Feeling I Get,Doug Shorts,"{""error"":""seems like lyrics didn't exist on Musixmatch server.""}"
DREAMER,The Blaze,"[00:14.94]I'm a soul that is drifting away
[00:22.54]I was lost into space, trying to find a place
[00:26.84]With no border to face
[00:31.78]In the night, I'll find my way
[00:38.44]As a dreamer, as a dreamer
[00:42.31]As a dreamer
[00:46.97]Open the gate of love to make the stars glow
[00:54.92]Open the gate of love to make the stars glow
[01:02.62]Open the gate of love to make the stars glow
[01:10.44]Open the gate of love to make the stars glow
[01:16.10]♪
[02:51.16]I'm a soul that is drifting away
[02:58.77]I was lost into space, trying to find a place
[03:02.89]With no border to face
[03:07.78]In the night, I'll find my way
[03:14.42]As a dreamer, as a dreamer
[03:18.42]As a dreamer
[03:23.08]Open the gate of love to make the stars glow
[03:30.88]Open the gate of love to make the stars glow
[03:38.60]Open the gate of love to make the stars glow
[03:46.40]Open the gate of love to make the stars glow
[03:52.63]♪
[04:56.16]A soul that is drifting away
[05:03.53]I was lost into space, trying to find a place
[05:07.56]With no border to face
[05:12.52]In the night, I'll find my way
[05:19.45]As a dreamer, as a dreamer
[05:23.35]As a dreamer
[05:26.99]♪
"
Slits,Sporto Kantès,"[00:23.54]Il y a ma douce la peur au fond de tes yeux
[00:28.66]Tu as vu dans la brousse des enfants qui prenaient feu
[00:32.55]Là-bas sur le port il n'y a déjà plus de train
[00:36.44]Les hommes qui souffrent seront encore là demain
[00:41.60]Seront encore là demain
[00:45.76]Oh my lady, oh
[00:49.91]Come on let's go
[00:54.77]Il y a ma douce la peur au fond de tes yeux
[00:59.73]Tu as vu dans la brousse des enfants qui prenaient feu
[01:03.58]Là-bas sur le port il n'y a déjà plus de train
[01:07.52]Les hommes qui souffrent seront encore là demain
[01:12.94]Seront encore là demain
[01:18.03]Il y a ma douce la peur au fond de tes yeux
[01:23.11]Tu as vu dans la brousse des enfants qui prenaient feu
[01:27.06]Là-bas sur le port il n'y a déjà plus de train
[01:31.06]Les hommes qui souffrent seront encore là demain
[01:36.25]Seront encore là demain
[01:40.41]Come on, let's go
[01:44.17]Oh my lady, oh
[01:48.52]Come on, let's go
[01:51.09]♪
"
For What Its Worth,Buffalo Springfield,"{""error"":""seems like lyrics didn't exist on Musixmatch server.""}"
Les princes de la ville,113,"[00:07.49]Peu d'élégance dans mes écrits, normal pour un mec de Vitry
[00:10.86]Sur ma feuille, le ghetto, je retranscris
[00:12.93]Zigzaguant entre le mal et les délits
[00:14.94]Jeune débrouillard, une fois sorti du lit
[00:17.05]Au chômage, pourtant jeune et ambitieux
[00:19.00]C'est pour nous qu'il ont créé l'A-N-P-E
[00:21.11]Mais y a une queue d'un kilomètre pour gagner trois pépètes
[00:23.44]Si je peux m'permettre, qu'ils aillent s'faire mettre
[00:25.21]Alors les bacheliers s'engagent à l'armée
[00:27.35]Et pour le petit smicard y a d'quoi s'alarmer
[00:29.63]Des braquos à main armée, tout ça y'en a marre mais
[00:32.08]Un jour les keufs viennent te ramener
[00:33.51]Vitry 9-4 de ma ville j'veux être le prince
[00:35.73]J'vais pas t'cacher que Monsieur le maire est une pince
[00:38.12]Des promesses y a pas à dire, il en a toujours
[00:39.94]Rénover les bâtiments, on attend toujours
[00:41.91]Et vos monuments à 100 barres, nous, on s'en fout
[00:44.05]Soi-disant députés en costard, ils sont fous
[00:46.19]Comme tout citoyen, j'suis censé aller voter
[00:47.91]Histoire de dire que j'existe dans leur communauté
[00:50.38]C'est impossible quand j'vois des frères menottés
[00:52.18]Au dépôt arabes et noirs, c'est pas une nouveauté
[00:54.76]À la suite j'félicite les gros bonnets d'l'illicite
[00:56.84]Pas d'ingénieurs dans mon équipe
[00:58.40]On est jeunes et ambitieux, parfois vicieux
[01:00.75]Faut qu'tu t'dises que tu peux être le prince de la ville
[01:03.01]Si tu veux (si tu veux), où tu veux (où tu veux)
[01:05.09]Quand tu veux (quand tu veux)
[01:07.36]Ambitieux, parfois vicieux
[01:09.12]Faut qu'tu t'dises que tu peux être le prince de la ville
[01:11.12]Si tu veux (si tu veux), où tu veux (où tu veux)
[01:13.55]Quand tu veux (c'est quand tu veux)
[01:15.38]On vit en HLM, les uns sur les autres
[01:17.44]Les lits superposés, j'ai rien connu d'autre
[01:19.49]On a la rage, mais comment rester sages?
[01:21.54]On vit en marge, en gros on est tous barges
[01:23.64]Souvent les huissiers à ta porte font éruption
[01:25.79]Si tu payes pas ton loyer, c'est l'expulsion
[01:27.89]Val-de-Marne, haut pourcentage d'immigration
[01:29.95]Aussi élevé qu'tous mes frères qu'ils mettent en prison
[01:32.25]Pour s'payer un avocat faut plein d'pascals
[01:34.31]Au tribunal, on s'en sort toujours mal
[01:36.33]Ça s'ressent dans les sentences, on n'a jamais eu d'chance
[01:38.46]Vu les circonstances, fuck la pénitence
[01:40.06]T'as pas réglé tes amendes, le Trésor Public t'a coincé
[01:42.66]Oublie les vacances d'été, tu fais des TIG
[01:44.20]Sur toi on met la pression
[01:45.76]Ta boîte aux lettres est pleine de rappels et d'assignations
[01:48.30]Ouais mec, c'est ça not' vie
[01:50.79]Code 94-400 Vitry
[01:53.07]La banlieue a ses qualités et ses défauts
[01:55.28]Peuplée d'artistes et de sportifs de haut niveau
[01:57.77]D'escrocs dans les halls jusqu'aux bureaux municipaux
[02:00.33]Gros, tous vitriots
[02:01.93]Et même si c'est pas tous les jours facile
[02:03.98]J'veux être le prince de ma ville
[02:05.07]On est jeunes et ambitieux, parfois vicieux
[02:07.64]Faut qu'tu t'dises que tu peux être le prince de la ville
[02:09.76]Si tu veux (si tu veux), où tu veux (où tu veux)
[02:11.71]Quand tu veux (quand tu veux)
[02:14.06]Ambitieux, parfois vicieux
[02:15.89]Faut qu'tu t'dises que tu peux être le prince de la ville
[02:17.96]Si tu veux (si tu veux), où tu veux (où tu veux)
[02:20.05]Quand tu veux (c'est quand tu veux)
[02:23.14]♪
"
Self,Cleo Sol,"[00:26.24]Ooh, save me, save me from myself
[00:33.71]♪
[00:38.43]Ooh, be gentle, gentle with myself
[00:46.59]♪
[00:50.89]God knows it's time, I'll never lose myself
[00:59.40]♪
[01:03.89]Now I know I can change the world without changing myself
[01:12.43]♪
[01:28.69]God, protect me, You shield me with your light
[01:36.60]♪
[01:41.46]Heal those who are conflicted with me inside
[01:49.92]♪
[01:54.16]I'm growing every day, release me from this pride
[02:03.04]♪
[02:07.43]Turn anger into peace and lead with my inner child
[02:12.84]♪
"
Magic 2000,Deborah Aime La Bagarre,"[00:00.51]The summer is magic
[00:02.97]Is magic
[00:04.42]Ouh, oh, oh
[00:07.42]The summer is magic
[00:09.85]Is magic
[00:11.36]Ouh, oh, oh
[00:15.77]You're gonna tell your best friend
[00:19.19]You're gonna wake up singing
[00:21.38]The summer is magic
[00:23.72]Is magic
[00:25.22]Ouh, oh, oh
[00:28.28]The summer is magic
[00:30.08]You have to imagine
[00:32.40]Imagine
[00:33.90]Ouh, oh, oh
[00:36.06]Magic
[00:39.53]Magic
[00:43.06]Magic
[00:46.52]Magic
[00:50.45]You're gonna tell your best friend
[00:53.95]You're gonna wake up singin'
[00:56.18]You have to imagine
[00:58.57]Imagine
[01:00.16]Ouh, oh, oh
[01:01.37]The summer is magic
[01:04.93]♪
[01:17.06]The summer is magic
[01:20.89]♪
[01:25.22]You're gonna tell your best friend
[01:28.71]You're gonna wake up singin'
[01:30.95]The summer is magic
[01:33.34]Is magic
[01:34.88]Ouh, oh, oh
[01:38.20]♪
[01:45.65]Magic
[01:48.40]♪
[01:52.59]Magic
[01:55.34]♪
[01:58.72]The summer is magic
[02:01.18]Is magic
[02:02.93]Ouh, oh, oh
[02:06.40]♪
[02:12.68]The summer is magic
[02:15.05]Is magic
[02:16.83]Ouh, oh, oh
[02:20.97]You're gonna tell your best friend
[02:24.38]You're gonna wake up singin'
[02:28.21]♪
[02:33.55]The summer is magic
[02:35.96]Is magic
[02:40.56]You have to imagine
[02:42.95]Imagine
[02:45.76]The summer is magic
[02:49.29]♪
[02:54.42]You have to imagine
[02:58.37]♪
[03:08.39]You have to imagine
[03:12.34]♪
[03:22.23]You have to imagine
[03:26.18]♪
[03:36.15]The summer is magic
[03:37.71]♪
"
Les Nuits - Radio Edit,Nightmares On Wax,"{""error"":""seems like lyrics didn't exist on Musixmatch server.""}"
Cocobongo,Superjava,"{""error"":""seems like lyrics didn't exist on Musixmatch server.""}"
OJIISAMA,Deen Burbigo,"[00:09.89]Young girl, le Bigo, le Bigo, le Bigo, le Bigo
[00:13.83]Young girl, han-han, han
[00:17.83]Young girl, Ojiisama
[00:21.97]Young girl, wouh
[00:25.22]Le rap, c'est un truc de gole-mon, en vrai, j'ai bien l'seum d'être un de ces caves
[00:29.23]Mais j'continue parce qu'un de ces quatre
[00:31.04]Il s'pourrait que je pète comme un pain de C4 (ah, ça commence bien)
[00:34.13]Han, j'calcule plus R, j'fais comme JayJay a dit
[00:36.79]Pour le tiers d'la thune de Gigi Hadid, j'arrive plus déter' que dix djihadistes
[00:40.90]Han, j'ai les dents depuis l'époque des coquillettes, j'ai plus d'ambition qu'les caisses d'allocations
[00:44.79]À mon grand âge, tu peux m'voir en trottinette ou sans mis-per dans une caisse de location
[00:49.06]Faut qu'j'fasse belek, les méchants visent la tête, ils ont plus l'time pour les articulations
[00:53.06]Partis d'une fraction, on fabrique une nation, fuck tous leurs mensonges, leurs manipulations
[00:57.53]Han, Saboteur gang, on schématise, on manigance (Saboteur)
[01:03.14]Wavy comme jamais, quand j'kicke, même ta mamie danse (ouais, mamie)
[01:07.25]J'fais gaffe à c'que j'regarde, à comment j'm'alimente
[01:09.32]Mon corps, mon mental doivent muscler leur alliance
[01:11.38]Tous les jours, j'évolue comme l'art et la science (gang)
[01:13.89]Un seul ciel, un seul sol, j'développe mon art comme Sun Tzu
[01:17.70]C'est dur d'être le seul sobre, plus dur que d'être le seul saoul
[01:21.54]Tout n'est qu'paradoxe, y a des frères outillés qui savent pourtant te dire vers où prier
[01:25.60]Tu veux un feat pour te faire connaître, après l'feat, tu voudras t'faire oublier
[01:30.17]Droit chemin embouteillé, beaucoup sont bloqués dans l'trafic
[01:34.26]Et, moi, sans la 'sique, j'suis comme Rocco sans la trique ou la France sans l'Afrique
[01:37.87]Téléphone arabe a gonflé mes prouesses, ma mère m'demande plus jamais c'que je fabrique
[01:41.77]Pour faire un mur, faut plus que deux-trois brouettes
[01:43.93]Pour un showcase, il faut plus que deux-trois briques
[01:46.50]Putain, mais quelle vie, sourire à la caisse, j'paye comptant, j'fais pas d'acompte
[01:50.43]Putain, mais quelle vie, quand j'la raconte, on dirait qu'j'me la raconte
[01:55.60]Burb', OG san
[02:02.92]♪
"
Livin On A Prayer,Bon Jovi,"[00:38.50]Once upon a time
[00:41.08]Not so long ago
[00:45.74]Tommy used to work on the docks
[00:49.89]Union's been on strike, he's down on his luck
[00:53.23]It's tough, so tough
[01:01.58]Gina works the diner all day
[01:05.31]Working for her man, she brings home her pay for love
[01:12.56]Mmm, for love
[01:16.15]She says, ""We've gotta hold on to what we've got
[01:20.87]It doesn't make a difference if we make it or not
[01:25.02]We got each other, and that's a lot for love
[01:30.95]We'll give it a shot""
[01:32.83]Whoa, we're half way there
[01:36.82]Oh-oh, livin' on a prayer
[01:41.04]Take my hand, we'll make it, I swear
[01:44.60]Oh-oh, livin' on a prayer
[01:49.69]♪
[01:52.60]Tommy's got his six-string in hock
[01:56.11]Now he's holding in what he used to make it talk
[02:00.02]So tough, ooh, it's tough
[02:08.03]Gina dreams of running away
[02:11.89]When she cries in the night, Tommy whispers
[02:14.98]""Baby, it's okay, someday
[02:22.57]We've gotta hold on to what we've got
[02:27.16]It doesn't make a difference if we make it or not
[02:31.10]We got each other, and that's a lot for love
[02:37.23]We'll give it a shot""
[02:39.24]Oh, we're half way there
[02:43.26]Oh-oh, livin' on a prayer
[02:47.19]Take my hand, we'll make it, I swear
[02:50.98]Woah-oh, livin' on a prayer
[02:55.10]Livin' on a prayer
[02:59.43]♪
[03:14.39]Ooh, we gotta hold on, ready or not
[03:19.66]You live for the fight when that's all that you've got
[03:23.44]Whoa, we're half way there
[03:27.59]Whoa-oh, livin' on a prayer
[03:31.79]Take my hand, and we'll make it, I swear
[03:35.13]Whoa-oh, livin' on a prayer
[03:39.20]Whoa, we're half way there
[03:42.86]Whoa-oh, livin' on a prayer
[03:46.79]Take my hand, and we'll make it, I swear
[03:50.77]Whoa-oh, livin' on a prayer
[03:54.49]Whoa, we're half way there
[03:58.24]Whoa-oh, livin' on a prayer
[04:02.20]Take my hand, and we'll make it, I swear
[04:05.81]Woah-ah
[04:07.07]♪
"
Afro Blue,Melanie De Biasio,"[00:08.66]Dream of a land my soul is from
[00:14.71]I hear a hand stroke on a drum
[00:21.55]Shades of delight, go, go, you
[00:26.95]Rich as the night, afro, afro blue
[00:39.16]♪
[00:42.93]Alien boy, beautiful girl
[00:49.78]Dancing for joy, delicate word
[00:56.84]Shades of delight, go, go, you
[01:03.89]Rich as the night, afro, afro blue
[01:17.72]Two young lovers by the fire
[01:21.64]Without having greys
[01:25.08]The jealous one is never wake
[01:28.45]To some secluded place
[01:32.03]Shades of delight, go, go, you
[01:39.23]Rich as the night, afro blue
[01:55.09]♪
[02:07.48]Alien boy, beautiful girl
[02:14.55]Dancing for joy, delicate word
[02:21.65]Shades of delight, go, go, you
[02:28.47]Rich as the night, afro, afro blue
[02:38.98]♪
[02:43.12]Whispering tree, echo the sights
[02:49.71]Passionate leaves, tender at lights
[02:56.71]Shades of delight, go, go, you
[03:03.74]Rich as the night, afro, afro blue
[03:17.86]In my slumbering fantasy
[03:21.42]Assumes reality
[03:25.12]Until it's not a dream
[03:28.53]To you and me
[03:32.21]Shades of delight, go, go, you
[03:39.27]Rich as the night, afro, afro blue
[03:39.27]♪
"
Old School,2Pac,"[00:11.25]What more could I say? I wouldn't be here today
[00:12.44]if the old school didn't pave the way
[00:18.34]I remember Mr. Magic, FLASH, Grandmaster Caz
[00:45.64]LL raisin' hell but, that didn't last
[00:47.74]Eric B. Rakim was, the shit to me
[00:50.28]I flip to see a Doug E. Fresh show, with Ricky D
[00:52.84]And Red Alert was puttin' in work, with Chuck Chill
[00:55.61]Had my homies on the hill gettin ill, when shit was real
[00:58.77]Went out to steal, remember Raw, with Daddy Kane
[01:01.32]when De La Soul was puttin' potholes in the game
[01:04.02]I can't explain how it was, Whodini
[01:06.25]Had me puffin on that buddha gettin buzzed, cause there I was
[01:09.36]Them block parties in the projects, and on my block
[01:12.07]You diggi don't stop, sippin on that Private Stock
[01:14.69]Through my speaker Queen Latifah, and MC Lyte
[01:17.28]Listen to Treach, KRS to get me through the night
[01:19.82]With T La Rock and Mantronix, to Stetsasonic
[01:22.52]Remember Push It was the bomb shit, nuttin like the old school
[01:25.28]What more could I say? I wouldn't be here today
[01:26.68]if the old school didn't pave the way
[01:29.40]Heheheh, it ain't nuttin like the old school
[01:30.70]What more could I say? I wouldn't be here today
[01:33.36]if the old school didn't pave the way
[01:34.63]Ain't nuttin like the old school
[01:36.06]What more could I say? I wouldn't be here today
[01:37.52]if the old school didn't pave the way
[01:40.15]Yeaheheh, it ain't nuttin like the old school
[01:41.35]What more could I say? I wouldn't be here today
[01:42.78]if the old school didn't pave the way
[01:46.27]Nuttin like the old school
[01:46.76]What more could I say? I wouldn't be here today
[01:49.27]if the old school didn't pave the way
[01:51.06]Ain't nuttin like the old school
[01:51.92]What more could I say? I wouldn't be here today
[01:53.41]if the old school didn't pave the way
[01:56.25]Heheh... I had, Shell Toes, and BVD's
[01:58.84]A killer crease inside my Lee's when I hit the streets
[02:01.58]I'm playin skelly, ring to leavey, or catch a kiss
[02:04.15]Before the homies in my hood learned to smack a bitch, I remember
[02:07.59]Way back, the weak weed they had
[02:10.02]Too many seeds in the trey bag
[02:12.08]I'm on the train headin uptown, freestylin'
[02:14.73]With some wild kids from Bucktown, profilin'
[02:17.48]'Cause the hoochies was starin, thinkin, Why them niggas swearin'?
[02:21.05]I'm wonderin if that's her hair, I remember
[02:24.23]Stickball, pump the hoochies on the wall
[02:25.98]Or takin' leaks on the steps, stinkin up the hall
[02:28.77]Through my childhood, wild as a juvenile
[02:31.16]A young nigga tryin to stay away from Riker's Isle
[02:33.86]Me and my homies breakin nights, tryin to keep it true
[02:36.56]Out on the roof sippin 90 proof, ain't nuttin like the old school
[02:39.46]What more could I say? I wouldn't be here today
[02:41.96]if the old school didn't pave the way
[02:42.72]Heheheyah, that's right, it ain't nuttin like the old school
[02:44.79]What more could I say? I wouldn't be here today
[02:46.43]if the old school didn't pave the way
[02:48.85]Ain't nuttin like the old school
[02:50.04]What more could I say? I wouldn't be here today
[02:51.48]if the old school didn't pave the way
[02:54.43]Nuttin like the old school
[02:55.22]What more could I say? I wouldn't be here today
[02:56.74]if the old school didn't pave the way
[02:58.20]Nuttin like the old school
[03:00.08]What more could I say? I wouldn't be here today
[03:02.27]if the old school didn't pave the way
[03:04.42]Ain't nuttin like the old school
[03:05.83]What more could I say? I wouldn't be here today
[03:07.52]if the old school didn't pave the way
[03:10.11]Hahah... remember poppin and lockin to Kurtis Blow, the name belts
[03:13.49]And Scott LaRock the Super Hoe back in Latin Quarters
[03:16.01]When Slick Rick was spittin La Di Da Di
[03:18.03]Gamin the hoochies at the neighborhood block parties, I remem-ber
[03:21.77]breakdancin to Melle Mel
[03:23.35]Jekyll and Hyde, LL when he Rocks the Bells
[03:25.92]Forget the TV, about to hit the streets and do graffiti
[03:28.72]Be careful don't let the transit cops see me
[03:30.78]It ain't nuttin like the old school!
[03:32.39](Grand Puba sample repeats every bar to end)
[03:36.00]It ain't nuttin like the old school
[03:37.53]Hahahah, it ain't nuttin like the old school
[03:44.06]Hey, heheaha, on the real though, ain't nuttin like the old school
[03:50.20]♪
[03:57.96]Remember seein Brooklyn go crazy up in the motherfuckin party?
[04:01.09]Member how fuckers used to go, Is Brooklyn in the house?
[04:03.62]and motherfuckers would lose they GOD DAMN MIND
[04:07.08]That's the old school to me; that's what I'm sayin (Su-per, Sperm)
[04:09.68]I remember goin places that motherfuckers was scared to say
[04:12.16]they was from anywhere but Brooklyn; that shit was the bomb
[04:14.73]Back in the motherfuckin old school nigga
[04:16.93]Remember skelly nigga? Knockin niggaz out the box, poppin boxes?
[04:20.44]Member stickball? Member niggaz to run that shit like that?
[04:23.77]Member the block members screamin up at your mom from the window?
[04:26.65](LL Cool J is hard as HELL...)
[04:27.29]The ice cream truck, member all the mother...
[04:29.08]Member the italian icey's yo?
[04:30.73]Yo remember the italian icey's the spanish niggaz comin down
[04:33.36]with the coconut icey's and shit?
[04:34.50]I came through the door, said it before
[04:37.27]That was the SHIT!
[04:38.38]♪
"
Ouais gros,113,
Style Is the Answer,Mash,"{""error"":""seems like lyrics didn't exist on Musixmatch server.""}"
Feeling Good,The Mighty Bop,"[00:53.17]Bird flying high
[00:57.47]You know how I feel
[01:02.90]Sun in the sky
[01:06.89]You know how I feel
[01:12.53]Breeze drifting on by
[01:17.52]You know how I feel
[01:21.68]It's a new a dawn
[01:22.68]And a new day
[01:24.01]And a new life for me
[01:33.40]And I'm feeling good
[02:39.97]So good, yeah
[02:42.24]Fish in the sea
[02:43.27]You know how I feel
[02:44.32]Rivers running free
[02:44.75]You know how I feel
[02:45.05]Blossom on the tree
[02:45.28]You know how I feel
[02:45.48]It's a new a dawn
[02:45.67]And a new day
[02:45.88]And a new life for me, yeah
[02:46.06]And I'm feeling good
[02:46.23]So good
[02:46.42]So good
[02:46.65]Dragon fly out in the sun
[02:50.25]You know what I mean
[02:50.78]Don't you know?
[02:51.36]Butterflies all having fun
[02:51.89]You know what I mean
[02:52.62]Sleep in peace when day is done
[02:52.98]That's what I mean
[02:53.13]And this old world
[02:53.38]Is a new world
[02:53.55]And the whole world for me
[02:53.74]For me
[02:53.98]Stars when you shine
[02:54.17]You know how I feel
[02:54.35]Scent of pine
[02:54.57]You know how I feel
[02:54.77]oh freedom is mine
[02:54.96]And I know how I feel
[02:55.17]It's a new dawn
[02:55.32]And a new day
[02:55.69]And a new life for me
[02:55.74]And I'm feeling...
[02:56.05]Oh...
[02:56.25]I'm feeling good
[02:56.48]You know how I feel
[02:56.73]You know how I feel
[02:57.02]You
[02:57.25]You know how I feel
[02:57.61]Feeling good
[02:57.99]I'm feeling good
[02:58.27]I'm feeling good
[02:58.92]Feeling good
[02:59.34]Feeling good
[02:59.73]It's a new dawn
[02:59.91]It's a new day
[03:00.30]It's a new life for me
[03:00.41]♪
"
Falling Behind,Laufey,"[00:11.98]Moved out to a new city
[00:14.83]June is dawning down on me
[00:17.47]And all that I can find
[00:23.25]A sickly romance in the air
[00:26.39]Lovers stroll without a care in sight
[00:31.62]Ooh, this can't be right
[00:36.76]'Cause the sun's engaged to the sky
[00:40.77]And my best friend's found a new guy
[00:43.65]I'm only getting older
[00:46.66]I've never had a shoulder to cry on
[00:52.40]Someone to call mine
[00:56.77]Everybody's falling in love and I'm falling behind
[01:02.87]♪
[01:14.04]Touched the ocean, fell right in
[01:16.90]Stepped outside and burned my skin
[01:19.57]My life won't go my way
[01:25.65]Bossa nova in my room
[01:28.52]Hope that I'll find someone too to love
[01:34.10]Because
[01:36.75]The sun's engaged to the sky
[01:39.91]And my best friend's found a new guy
[01:42.97]I'm only getting older
[01:45.91]I've never had a shoulder to cry on
[01:51.86]Someone to call mine
[01:56.18]Everybody's falling in love and I'm falling behind
[02:01.89]Everybody's falling in love
[02:04.87]Everybody's falling in love, oh
[02:12.20]Everybody's falling in love but me
[02:24.63](One, two, three)
[02:38.84]♪
"
its sky time,Seb Wildblood,"{""error"":""seems like lyrics didn't exist on Musixmatch server.""}"
Paradis bleu,Revers Gagnant,"{""error"":""seems like lyrics didn't exist on Musixmatch server.""}"
Hate,Loyle Carner,"[00:22.00]Yeah, listen, aye
[00:23.88]Let me tell you what I hate, everything I ain't
[00:33.36]Everything I've done, everything I break
[00:39.28]I hate the way that you were saying I'd be great, straight
[00:42.34]Let me tell you what I love, that there's no one above
[00:46.88]The thought, ""It is what it is""
[00:48.72]Shit, same thought, it was what it was
[00:51.05]Yeah, I'm like the dove that had flew too close to the sun
[00:54.66]And he knew deep down there was nothing he could do
[00:57.31]It's fucked because the Sun was you, ah
[01:00.45]But still, I tell you what I hate, though
[01:02.55]The same fellas getting bodied by the plain clothes
[01:04.83]The same niggas that would follow under rainbows
[01:06.98]The very same boys that would follow on the way home
[01:09.55]Yeah, either your jacket or your raincoat
[01:11.59]Tryna take suttin' that ain't dope, it's painful
[01:14.02]At times, I wish I had a guardian angel
[01:16.14]To help me with the brothers, that's shameful
[01:17.68]But still I love the rainfall (yeah, the rainfall, rainfall)
[01:20.86]I love the fact that they're so fucking grateful (yes)
[01:23.63]I love the fact that my plate's full
[01:25.63]I love the money in my bank, it's disgraceful, so many zeroes
[01:30.28]I've brushed shoulders with so many heroes
[01:32.65]I lost count, still hold those dineros
[01:34.75]Tryna say suttin', my ears closed
[01:36.17]I fear those lost in the past living on the recline
[01:38.72]The same look-up in their eyes if they're borrowing time
[01:40.71]It's nine lives, on the eight, see the finishing line
[01:43.41]It's right there on the horiz', couldn't finish the rhyme
[01:45.74]I hate time, I said I fucking hate time (time, time, time)
[01:54.26]Yeah, they said it was all that you could be if you were black
[01:57.02]Playing ball or maybe rap, and they would say it like a fact
[02:00.92]All my people in the back, all the nurses in the front
[02:03.23]All my teachers, where you at?
[02:05.51]'Cause we've been living like a trap
[02:06.97]Putting numbers on the wall, hoping people would react
[02:09.32]But it's a fact, we've been living in a trap, we're trapped
[02:13.94]I hate, I love, hate the ones who think that they're above
[02:18.74]My grandfather told me, ""Never trust in them""
[02:20.58]But I do, yo, the ones I shouldn't, true, I stuck with them
[02:22.95]This is it, still, I seen men hit women
[02:25.69]Who hit back, all them couldn't give a shit
[02:27.64]Hidden but won't crack under pressure of this shit feeling
[02:30.19]Uh, ayo, this shit feeling, listen yo, I fear women
[02:33.68]I fear love, religion, I fear drugs, the feeling
[02:37.08]I fear us, fear us
[02:39.18]Nearing the end, but I can't comprehend my fears
[02:41.40]Wisdom, I fear him
[02:43.53]Yeah, I fear the colour of my skin
[02:46.87]I fear the colour of my kin
[02:48.26]I still feel the colour that's within
[02:49.76]Yo, they said it was all that you could be if you were black
[02:52.21]Playing ball or maybe rap, and they would say it like a fact
[02:56.24]So all my people in the back, all the nurses in the front
[02:58.52]All my teachers, where you at?
[03:00.27]Yeah, 'cause we've been living like a trap
[03:02.01]Putting numbers on the wall, hoping people would react
[03:04.85]But it's a fact, we've been living in a trap, we're trapped
[03:08.28]Yo, they said it was all that you could be if you were black
[03:10.83]Playing ball or maybe rap, and they would say it like a fact
[03:14.59]So all my people in the back, all the nurses in the front
[03:17.15]All my teachers, where you at?
[03:18.96]Yeah, 'cause we've been living like a trap
[03:20.41]Putting numbers on the wall, hoping people would react
[03:23.28]But it's a fact, we've been living in a trap, we're trapped
[03:26.36]♪
[03:55.77]The man that flew all away from the sun
[04:03.59]♪
"
That Beat In My Heart,Infravision,"{""error"":""seems like lyrics didn't exist on Musixmatch server.""}"
Riders on the Storm,MEZERG,"{""error"":""seems like lyrics didn't exist on Musixmatch server.""}"
Le plan A,ISHA,"[00:21.18]Quand je venais d'per-ta un truc, j't'appelais quand je devais le vendre (Hey)
[00:25.08]Et je l'faisais par loyauté, simplement parce que t'étais le sang
[00:28.46]J'devais représenter le clan, pour comprendre, faut avoir un pied dedans
[00:32.43]Il faut comprendre les larmes, les cris juste avant les saignements
[00:36.33]J'marche avec une lame sur moi, mon pote a une lame sur lui
[00:40.24]C'est l'putain d'instinct d'survie, on parle mais on assumera
[00:43.37]Rêves de thunes, rêves de billets, les lieux d'culte perdent leurs fidèles
[00:47.25]Dans tous les coins, dans toutes les obédiences, y a qu'dans l'crime qu'j'ai des connaissances (Ouais)
[00:51.79]J'ai vu des cafards courir et des blattes errer, c'est horrible
[00:55.48]Gros, comprends que j'suis pas là pour déblatérer des conneries
[00:59.33]En studio comme à Culiacán, un laboratoire où on coupe la came
[01:03.46]Si j'deviens méchant c'est juste pour l'travail (Ah ouais, bah ouais)
[01:07.41]On s'faisait chier, faire du son, c'était l'plan (C'était l'plan)
[01:11.07]En cours, j'étais au fond, dans les embrouilles, j'étais d'vant
[01:13.98]Tu sais, c'est magique, y a pas b'soin d'forcer, en deux semaines, le métier rentre (Rentre)
[01:18.31]J'essaie d'changer, vivre de ma passion, j'ai cette chance (J'ai cette chance)
[01:22.07]On s'faisait chier, faire du son, c'était l'plan
[01:25.60]En cours, j'étais au fond, dans les embrouilles, j'étais d'vant
[01:28.75]Tu sais, c'est magique, y a pas b'soin d'forcer, en deux semaines, le métier rentre (Le métier rentre)
[01:33.44]J'essaie d'changer, vivre de ma passion, j'ai cette chance (Ah, ah)
[01:37.25]Faut qu'j'le fasse, qu'il vente ou qu'il pleuve, j'connais le plan, la fin du film
[01:41.07]C'est soit je vais mourir jeune, ou comme un clodingue, j'vais mourir seul
[01:44.97]À quinze piges, on m'a mis dehors, j'avais rien fait pour mériter ça
[01:48.44]J'ai la meilleure grand-mère du monde, j'ai rien fait pour mériter ça
[01:52.27]Gros, j'vais pas être ambigu, faire appliquer c'que le règlement stipule
[01:55.97]Aux enfants des tess' en bitume, j'le faisais pour mille deux cent eu' par mois
[01:59.68]J'te cache pas qu'aux repas d'famille, j'me sentais sur le banc ou en tribune
[02:03.23]Aujourd'hui, j'prends mille cinq cents balles, juste pour chanter quarante minutes
[02:07.23]Et j'suis plus dans l'hall d'entrée et maintenant, j'suis même à l'heure quand faut rentrer
[02:10.58]J'ai dit qu'j'prenais mille cinq pour quarante minutes, mais le temps qu'le son sorte, ça aura augmenté
[02:14.76]Des mecs en or perdent la tête au final, tu vois l'changement sur nos visages
[02:18.42]J'fais pas d'son qui t'donne envie d'serrer ta sine-cou ou d'faire la fête au village
[02:21.57]On s'faisait chier, faire du son, c'était l'plan (C'était l'plan)
[02:25.42]En cours, j'étais au fond, dans les embrouilles, j'étais d'vant
[02:28.16]Tu sais, c'est magique, y a pas b'soin d'forcer, en deux semaines, le métier rentre (Rentre)
[02:32.80]J'essaie d'changer, vivre de ma passion, j'ai cette chance (J'ai cette chance)
[02:36.47]On s'faisait chier, faire du son, c'était l'plan
[02:40.14]En cours, j'étais au fond, dans les embrouilles, j'étais d'vant
[02:43.06]Tu sais, c'est magique, y a pas b'soin d'forcer, en deux semaines, le métier rentre (Le métier rentre)
[02:47.46]J'essaie d'changer, vivre de ma passion, j'ai cette chance (Ah, ah)
[02:51.11]♪
"
Cycles,Ricky Razu,"{""error"":""seems like lyrics didn't exist on Musixmatch server.""}"
1001 nuits,113,"{""error"":""seems like lyrics didn't exist on Musixmatch server.""}"
Walkabout,Red Hot Chili Peppers,"[00:42.77]I think I'll go on a walkabout
[00:45.21]And find out what it's all about
[00:49.76]And that ain't hard
[00:53.18]Just me and my own two feet
[00:56.20]In the heat, I got myself to meet
[00:59.57]♪
[01:03.47]A detective of perspective, I
[01:06.60]I need to try and get a bigger eye
[01:12.13]Open wide
[01:14.02]Blood wood flowers in my gaze
[01:17.11]Walkabout in a sunny daze
[01:20.20]♪
[01:23.88]Do me now
[01:26.20]♪
[01:29.10]On a walkabout
[01:31.73]♪
[01:35.35]You can do it in the city, you can do it in a zone
[01:38.05]You can do it in the desert
[01:39.25]You can do the unknown on a walkabout
[01:43.63]♪
[01:46.15]High desert skies are what I spy
[01:49.08]So fly, you gotta wonder why
[01:52.63]♪
[01:56.62]The stingrays must be fat this year
[01:59.52]Are moving slow in my lowest gear
[02:02.36]♪
[02:07.33]The didgeridoo original man with a dream
[02:10.18]I believe the Aborigine
[02:14.07]♪
[02:22.23]On a walkabout
[02:24.85]♪
[02:28.40]You could do it with a shuffle, you could do it with a stroll
[02:31.12]You could do it with a stride
[02:32.63]You could do the unknown on a walkabout
[02:35.43]♪
[02:39.18]A walk could cure most all my blues
[02:42.47]Bare feet or in my two shoes
[02:46.75]One, two
[02:49.02]♪
[03:26.69]I think I'll go on a walkabout
[03:29.13]And find out what it's all about
[03:33.67]Can't hurt to try
[03:37.06]Use your legs to rock it wide
[03:39.95]Take a ride to the other side
[03:41.45]♪
"
Repeat,Caballero,"{""error"":""seems like lyrics didn't exist on Musixmatch server.""}"
we did it again,Seb Wildblood,"{""error"":""seems like lyrics didn't exist on Musixmatch server.""}"
Jimmy Fallon,ISHA,
Making A Living - Original Mix,Lee Rodriguez,"{""error"":""seems like lyrics didn't exist on Musixmatch server.""}"
Le plan B,ISHA,"[00:15.42]J'suis avec les reclus d'la société, tous ceux qu'on veut pas
[00:18.74]Les rej'tés du système, les docteurs ont peur vu le nombre de cas (vu le nombre de cas)
[00:23.75]Mon fils sur les photos il prend tout le temps la pose, comme Calbo il est tout en Lacoste
[00:27.60]Moi tu m'verras jamais faire du rap à la con, ou bien m'dandiner avec des mouvements atroces (Woof)
[00:31.81]Lame d'un guerrier mais j'cogite comme un hippie, j'ai des tâches sur les lèvres à cause des matitis (smoke)
[00:36.24]Nous, on respecte tout l'monde, les directeurs des banques, les vigiles
[00:39.60]Mais là il est l'heure de penser six chiffres, le désespoir faire prendre des risques (des risques)
[00:43.54]Après, ça ramène des cris, des pleurs mais bon les cris, les pleurs, tout ça fait vendre des disques
[00:47.72]Y a d'la Cali, y a d'la hollandaise, les p'tits, ils ont même plus l'école en tête
[00:51.67]Si t'as grandi ici sans ber-tom, tu peux dire qu't'as remporté Koh-Lantess
[00:55.81]Un code BeIn, un code Canal, passe à la maison, j'ai un câble Ethernet (passe, passe, passe, passe)
[01:00.03]Nos parents ont quitté l'Afrique pour l'Europe et son hiver éternel (ah)
[01:04.42]Et j'crois pas qu'ils l'aient fait pour qu'on soit dans les faits divers, les turn-up
[01:08.13]Tôt chaque matin, je cours sur Distro, retrouve-moi en bas d'la tour, j'suis dispo (logique)
[01:12.51]J'suis prêt pour la troisième guerre, j'suis prêt pour le dernier jour du disco (hum)
[01:16.24]T'es à l'ouverture, à la fermeture du bistro, ta pauvre nana dit qu'tu tises trop
[01:19.88]J'ai déjà eu peur pour ma vie, tu sais, plus d'une fois, j'ai saigné et titubé
[01:23.70]Tout ça pour le milli', tout ça pour la moula, tout ça pour la gloire, mais jamais on l'avouera (on l'avouera)
[01:28.28]Pas d'ma faute, ça dépend des autres (hey), quand j'm'endors avec des pensées sombres ('sées sombres)
[01:32.18]J'me tâte, des fois, ça m'gratte, la douleur et les démangeaisons
[01:36.85]Des fois, j'ai l'air sympathique, des fois, j'ai l'air lymphatique
[01:40.94]Ne m'en voulez pas, c'est les pressions, le bédo et la fatigue
[01:44.69]T'es pas champion si t'as pas d'titres, ça d'mande du temps et d'la pratique
[01:48.84]J'viens d'croiser la voisine dans l'hall, j'ai l'cerveau aplati
[01:51.91]Leurs équipes, elles ont l'seum, elles sucent, pendant qu'les mois passent, les semaines fusent
[01:55.89]Leurs visages se creusent, les semelles s'usent, on n'a pas reçu une seule excuse
[01:59.85]Pour avoir grandi là où le sang et les larmes ne font que couler
[02:03.92]Là où les rebeus, les renois et les sentiments se font refouler (logique)
[02:07.62]J'dois calmer mes nerfs, j'cherche un divertissement (hey), j'deviens hyper distant
[02:12.14]Dans l'noir, y a aucune lumière qui rentre (rien), impossible de faire l'bilan (impossible)
[02:16.88]J'ai fait l'usine, j'ai fait les boulots précaires, quand c'putain d'mal au dos t'réveille
[02:21.24]La rue: on a grandi trop près d'elle, faut s'les faire
[02:24.18]♪
"
SUBLIME,Disiz,"[00:00.55]On avait dit le pire, mais aussi le meilleur
[00:04.24]Maintenant, tu soupires, y a moins de meilleur
[00:07.68]Toutes nos habitudes, ces mouvements d'humeur
[00:11.03]Tous ces petits calculs, toutes ces petites peurs
[00:14.42]Ces coups dans le dos, ces choses cachées
[00:18.04]Du coup, c'est moins beau et t'es partie fâchée
[00:21.40]Parce que j'ai changé, tu veux me punir
[00:25.08]J'vais pas me venger, j'veux juste me souvenir
[00:27.87]Qu'on était sublimes, sublimes
[00:31.82]Beaux, vrais, forts, on était sublimes
[00:35.03]Je t'en supplie, j't'en supplie
[00:38.62]Retiens le beau, le vrai, le sublime
[00:42.84]♪
[00:46.60]♪
[00:49.21]Les gens qui t'aiment pas te feront payer
[00:52.79]Le courage d'être toi ou celui d'essayer
[00:56.31]Avec pertes et fracas, j'ai dû tout changer
[00:59.33]Je suis devenu moi car j'étais en danger
[01:03.17]La folie aux trousses, la tristesse en renfort
[01:06.85]C'est l'amour que j'course, mon cœur crie fort
[01:10.02]J'veux du sublime, du sublime
[01:13.32]Du beau, du vrai, du pur, du sublime
[01:16.78]Je t'en supplie, j't'en supplie
[01:20.50]Retiens le beau, le vrai, le sublime
[01:23.60]Loin du mensonge, loin du mesquin
[01:27.23]Derrière mes ombres, j'essaie d'faire bien, hein, hein
[01:31.06]Je le jure, je le jure sur c'que j'ai de plus cher
[01:35.86]Sur c'qu'on a de plus vrai, un enfant ou une mère
[01:39.39]Aujourd'hui, je suis prêt pour le sublime, le sublime
[01:43.62]J'aime quand le ciel est mauve, le soir
[01:47.28]Et s'accorde avec ma peine pastel
[01:50.78]J'ai tout un tas de causes en moi
[01:54.36]Mais j'n'ai aucune excuse pour elle
[01:58.23]J'voulais du sublime, du sublime
[02:02.23]Du beau, du vrai, du pur, du sublime
[02:05.24]Je t'en supplie, j't'en supplie
[02:09.07]Retiens le beau, le vrai, le sublime
[02:10.83]♪
"
Lotissement,ISHA,
Marcelle entre,Damlif,"[00:14.77]J'avais voulu faire du rock indé, ou d'la variet'
[00:19.95]Nique le rap on est pas marié
[00:25.67]Se coucher tard quelle substance addictive
[00:27.67]J'peux plus retourner dans les jobs
[00:29.29]Où tu sors à 7 heures et tu rentres à 18
[00:33.43]Benny Golson Art Blakey
[00:35.83]Un aller simple pour le rêve d'être libre
[00:37.48]J'veux devenir un homme qui se permet d'vivre
[00:41.06]Un goût d'métal mais tu sais pas si tu saignes
[00:43.63]Les gouttes de pluie sur les joues
[00:44.77]Comme des centaines de milliers d'messages du ciel
[00:48.92]Cocktail de fluides sur les lèvres
[00:50.56]Des goûts des saveurs corporelles
[00:52.80]Un jour on m'a dit qu'on pourrait
[00:55.78]L'avenir c'est un tableau qui bouge
[00:57.33]Qui sèche quand tu regardes plus qu'en arrière
[00:59.26]Et y a rien qui fait un boucan pareil
[01:02.96]♪
"
Tard le soir,ISHA,
